alpha,beta
10,0.5050000250339508
100,0.48400038480758667
1000,0.43800145387649536
10000,0.35700297355651855
100000,0.29500532150268555
1000000,0.1940070390701294
